167,195,281,347,362,364,414,427,451,458
42,147,165,179,263,270,324,361,435,475
86,93,96,359,380,386,394,417,467,480
36,77,105,108,115,211,217,322,339,387
25,76,142,246,288,300,328,451,458,485
221,248,250,275,289,291,295,302,374,452
95,115,153,155,242,276,371,385,399,417
19,21,23,50,243,288,299,404,450,464
9,103,151,170,229,342,358,420,443,460
34,124,165,186,223,287,406,419,423,454
50,128,145,151,168,203,211,368,401,404
21,42,63,125,148,233,268,313,392,439
52,62,81,140,171,209,211,381,467,474
68,73,198,236,242,277,292,306,317,393
31,81,152,184,239,259,273,274,320,341
14,33,58,89,101,137,319,398,458,478
18,110,111,193,194,217,259,295,321,461
74,86,157,158,228,229,279,280,308,460
11,21,96,270,313,343,374,386,397,412
41,106,108,178,219,230,284,393,426,436
35,58,62,68,125,163,278,281,288,310
8,278,338,360,399,434,438,474,476,482
23,55,117,124,202,277,284,299,433,497
3,10,27,32,42,110,126,445,453,472
97,121,158,193,290,296,322,395,411,491
55,56,153,166,202,240,262,317,434,462
99,124,139,168,222,331,344,356,358,364
2,39,80,111,119,348,352,398,405,456
9,12,37,64,125,182,239,442,445,458
78,110,169,186,318,334,339,434,480,497
17,27,142,213,216,323,384,418,423,475
175,264,272,282,293,346,427,441,481,486
5,88,109,195,218,232,255,260,372,417
44,100,132,276,287,301,344,370,407,427
36,90,157,170,283,391,474,479,490,494
10,52,119,211,229,254,283,402,442,492
73,101,119,217,230,246,290,312,321,422
10,13,71,117,122,254,332,341,434,496
9,243,245,303,322,392,399,432,442,459
60,144,193,205,227,246,386,444,456,463
34,81,103,269,279,337,420,466,480,497
17,90,141,215,287,313,357,372,403,470
58,85,94,173,245,257,338,395,416,433
65,117,196,256,304,315,337,377,450,478
3,26,72,108,110,120,194,351,358,401
6,42,114,124,132,134,222,236,296,424
14,48,89,95,108,140,220,323,401,455
12,156,222,242,249,250,441,442,446,486
14,191,234,243,254,257,278,312,328,485
31,41,48,59,192,197,222,228,351,433
25,58,62,200,250,256,300,362,424,477
112,191,266,298,347,353,391,449,471,492
1,28,108,159,197,275,276,331,469,493
75,90,139,259,372,413,418,429,434,498
15,170,179,201,255,257,268,272,278,360
88,98,102,233,249,338,391,446,460,465
61,150,163,177,295,311,403,424,433,456
12,31,34,58,105,195,220,280,437,483
53,114,119,136,145,171,172,182,247,440
73,87,88,101,109,155,169,340,411,457
4,190,259,265,361,375,378,433,483,486
3,36,55,114,175,195,266,279,390,397
38,40,63,86,118,264,286,351,427,461
40,59,150,212,220,250,262,265,335,345
24,68,80,134,159,407,430,435,451,457
6,116,124,148,189,255,341,346,390,458
13,29,145,286,315,321,345,347,365,424
102,134,197,242,279,325,339,398,410,447
89,110,123,239,264,319,409,426,435,479
19,49,72,116,273,319,419,454,461,472
115,150,157,272,299,345,354,417,435,485
67,70,120,226,254,273,318,368,436,483
52,61,124,140,166,341,342,421,436,490
37,133,153,176,283,302,334,336,457,460
172,182,291,322,348,357,358,471,484,490
25,74,181,231,258,292,306,406,425,439
1,63,169,173,239,253,293,305,448,477
80,82,209,213,275,332,351,385,471,495
5,11,51,64,90,94,282,438,439,450
39,44,161,192,207,211,283,394,439,475
3,12,28,98,170,228,246,363,415,466
2,71,122,134,145,168,203,207,221,426
21,121,189,279,290,345,358,428,441,485
19,42,112,129,180,182,209,249,427,441
50,78,129,150,214,304,319,322,439,495
88,125,192,234,310,338,351,422,498,499
5,8,43,102,193,215,241,270,311,443
138,227,253,286,300,361,403,414,433,436
25,52,79,126,159,198,244,257,419,425
7,135,144,236,239,325,350,421,455,463
16,62,64,168,258,262,286,349,352,370
34,82,107,181,190,204,210,214,353,392
10,37,61,84,195,241,296,320,356,417
111,280,308,320,345,376,393,396,420,441
30,77,315,318,367,417,467,472,482,499
35,60,97,190,263,336,362,373,409,464
2,27,39,163,182,206,226,287,325,453
50,89,100,104,106,189,195,289,439,493
39,61,107,152,156,159,254,264,432,474
65,77,146,226,244,359,409,467,472,495
18,48,68,156,192,195,367,369,407,413
36,66,108,127,173,224,263,405,415,482
122,126,145,241,243,256,299,323,341,404
62,81,100,295,339,354,359,383,402,434
1,38,97,112,232,314,319,339,361,407
133,153,169,175,217,238,240,267,289,472
18,35,73,127,255,262,286,306,413,446
102,133,146,195,199,259,298,377,401,498
8,67,81,136,174,222,310,404,451,484
74,158,201,217,266,308,424,428,443,490
19,70,102,187,231,282,334,425,458,465
13,14,16,107,139,258,263,397,437,488
78,95,163,199,275,298,327,373,404,497
44,108,133,215,280,314,323,345,421,449
27,35,109,134,145,178,220,318,389,442
134,135,161,172,259,275,308,325,328,472
192,197,208,242,300,304,344,351,485,487
2,4,143,147,203,225,293,318,373,437
31,43,71,89,152,189,305,306,399,480
8,184,307,375,393,400,424,438,481,492
28,61,159,168,180,229,340,385,418,487
42,77,80,196,210,289,335,343,461,489
17,21,24,68,90,190,234,254,355,430
56,75,149,205,240,246,264,271,294,327
10,56,122,145,207,239,268,315,382,447
50,75,135,164,207,227,257,367,409,485
6,90,97,110,153,155,227,319,352,407
63,103,192,194,210,231,278,288,450,470
99,126,137,170,221,232,258,262,448,465
125,132,145,272,285,329,351,411,418,492
1,119,154,167,193,211,261,355,371,492
71,83,108,172,222,276,305,328,375,453
20,60,229,296,314,376,379,406,415,434
37,123,293,305,310,325,328,340,414,422
38,53,66,187,201,321,325,350,351,360
20,25,66,100,144,154,287,303,342,444
24,68,70,107,144,400,421,424,430,475
107,159,236,248,270,370,386,400,416,472
120,139,161,190,245,328,421,422,432,486
5,27,100,114,162,210,252,357,364,393
30,118,131,200,303,314,354,408,434,495
14,102,143,190,235,323,400,449,460,475
45,57,64,159,218,279,297,409,416,455
91,171,188,197,213,289,335,362,464,473
124,136,193,219,388,399,429,457,479,499
26,83,107,109,158,177,197,289,396,414
22,54,112,157,230,254,256,331,407,432
7,96,161,191,202,232,239,320,495,497
65,75,88,91,160,186,195,269,361,368
9,15,79,94,99,140,190,245,292,423
77,170,225,228,236,253,360,474,478,492
20,46,113,221,243,251,339,403,404,431
24,40,141,305,337,369,399,414,417,493
114,128,218,231,280,295,297,311,323,470
23,63,84,87,132,192,248,319,342,438
151,210,236,286,301,308,363,395,399,440
40,50,81,130,189,196,268,325,358,379
19,29,87,93,115,147,203,224,268,421
6,27,33,34,164,182,228,322,416,488
33,52,69,94,103,181,238,305,373,435
23,41,97,134,212,290,410,425,482,499
53,56,65,203,243,306,404,456,475,483
0,82,104,115,237,380,386,451,472,496
68,73,143,220,324,341,359,362,412,430
20,21,185,217,280,341,384,403,443,474
87,110,178,303,334,348,369,370,377,463
14,49,68,184,193,199,201,304,383,419
44,89,118,129,144,251,351,367,396,492
14,52,74,85,121,125,152,156,412,480
48,87,110,115,216,225,244,334,393,491
9,12,53,113,123,233,260,308,418,484
66,102,200,209,229,231,282,298,352,394
27,140,224,256,263,288,395,451,473,480
7,54,75,108,150,158,233,343,452,488
58,74,96,300,353,369,378,454,477,493
78,87,106,120,231,237,241,266,331,464
38,104,131,215,258,285,437,458,460,477
1,2,51,67,188,311,318,434,449,455
177,179,214,318,407,426,440,472,483,496
4,20,27,56,170,200,261,274,424,439
106,133,168,197,348,362,381,400,472,487
89,148,200,282,306,326,334,462,464,482
15,99,104,174,192,246,256,261,385,432
36,40,89,121,156,243,281,306,364,477
108,198,208,218,300,379,385,398,435,485
3,127,153,191,219,336,395,443,445,456
2,60,63,90,95,162,225,327,354,480
7,10,125,147,191,233,269,304,374,384
105,171,259,300,302,331,341,363,401,479
7,157,162,206,233,301,312,337,395,431
45,96,108,198,217,221,328,373,377,498
32,69,106,170,183,295,421,427,436,463
38,59,106,114,157,172,249,365,408,458
20,30,45,47,78,250,290,309,359,426
160,167,189,199,215,242,261,270,409,456
100,149,159,189,260,265,328,329,367,459
67,88,123,149,219,222,245,277,380,408
31,34,54,56,220,259,264,326,355,425
72,95,97,102,177,280,344,364,370,384
47,58,95,265,269,304,360,425,443,458
61,115,150,210,253,319,372,389,409,423
13,101,130,158,241,266,271,308,406,413
16,17,50,114,404,428,438,451,481,499
7,28,73,105,206,298,315,371,373,460
54,131,163,174,245,302,357,464,477,487
7,8,117,151,182,242,328,339,471,473
11,111,136,153,199,310,344,362,456,496
26,77,81,99,129,232,235,267,316,318
6,65,70,169,282,305,309,334,339,368
77,91,188,232,271,311,368,414,437,475
53,77,89,204,326,350,370,400,436,464
16,80,85,105,263,264,303,326,361,462
75,91,103,200,229,237,298,378,431,491
8,60,78,109,164,200,290,360,362,463
38,50,51,71,77,95,116,323,359,377
5,48,182,197,242,287,369,402,458,479
67,140,240,277,293,322,328,371,453,458
24,41,56,199,287,294,381,440,460,497
5,71,214,253,278,303,305,410,419,468
1,59,235,273,280,312,371,377,426,483
21,58,97,136,153,218,239,303,342,392
28,104,133,162,178,250,282,283,354,493
21,48,67,112,125,167,192,281,312,401
103,121,152,182,267,299,329,349,382,398
36,63,87,127,173,179,216,254,389,409
36,80,95,119,242,243,310,314,381,397
16,61,173,216,228,247,277,312,326,420
42,94,102,154,160,258,260,329,371,418
138,186,242,277,307,402,414,460,484,491
5,19,155,302,344,382,397,433,467,491
148,193,196,204,227,230,378,411,419,462
9,24,29,39,190,256,344,378,413,444
24,38,46,58,268,404,405,406,424,479
15,18,49,130,144,229,300,308,327,493
22,125,129,142,185,257,325,366,405,426
17,129,143,193,245,246,324,384,410,436
43,68,108,262,266,286,336,377,419,455
8,25,53,88,152,193,245,261,360,422
102,103,112,186,245,279,332,351,408,453
14,54,88,139,140,223,285,316,385,405
32,61,75,192,242,292,314,318,329,437
191,210,234,268,341,348,371,395,459,479
40,73,77,229,303,304,394,412,418,423
6,127,219,286,321,332,351,424,449,475
99,125,127,140,312,330,372,378,395,432
99,135,142,224,299,387,406,430,463,466
21,59,68,69,100,128,270,299,407,489
8,23,84,90,219,259,270,303,354,417
62,150,170,266,274,278,281,326,328,347
27,32,103,107,119,129,318,363,431,462
12,25,45,53,262,281,292,370,467,490
61,126,139,143,209,245,379,381,438,445
53,73,75,126,146,171,180,323,337,341
88,100,181,184,193,242,305,445,493,498
2,180,233,259,267,285,313,326,379,464
57,64,153,297,344,353,397,450,457,472
32,118,190,193,237,242,278,337,379,385
15,52,116,130,149,182,230,249,293,397
81,122,159,171,205,371,396,433,462,492
4,102,108,144,238,309,344,346,393,468
24,62,67,135,280,420,454,459,473,487
8,18,19,91,140,198,313,367,456,498
12,41,90,110,207,289,368,384,391,486
120,169,197,200,247,324,366,372,436,487
29,102,129,134,382,398,411,424,430,437
50,117,123,159,221,262,288,310,486,492
47,127,188,205,241,367,453,459,476,493
0,172,181,210,275,320,395,471,478,487
14,98,171,228,233,302,307,333,417,478
10,11,12,33,42,193,229,270,291,347
36,75,190,293,302,357,395,405,408,482
128,182,301,302,304,368,432,457,463,490
6,9,79,288,354,401,426,448,472,497
0,4,83,98,255,275,341,433,479,484
17,33,152,222,248,282,343,386,395,472
43,79,302,321,393,429,448,453,473,475
16,18,67,118,150,193,255,364,404,480
60,121,157,161,169,173,221,385,399,486
40,61,104,176,252,298,337,361,450,454
43,190,194,239,299,304,311,373,381,453
209,230,233,276,411,440,464,491,493,498
22,71,133,263,298,402,438,443,463,499
15,28,132,145,245,325,340,346,390,394
34,42,161,220,254,276,283,285,372,410
43,64,114,175,202,266,311,340,355,409
111,149,166,171,225,249,307,366,388,481
257,279,288,307,319,338,355,359,433,470
20,23,48,76,97,125,142,179,191,368
93,117,205,308,372,396,417,430,485,486
35,51,76,201,220,225,292,321,362,477
12,59,83,93,119,313,351,393,413,437
3,49,203,210,212,307,396,426,470,476
9,31,112,216,238,260,328,404,405,465
3,47,52,174,227,286,300,333,365,436
46,100,200,251,290,354,368,437,462,467
45,50,99,101,103,248,267,309,391,484
40,150,155,214,233,296,353,364,454,485
2,20,29,83,119,183,255,275,291,382
0,75,87,202,211,302,350,360,362,443
20,23,53,131,139,165,177,257,291,485
28,46,152,155,160,224,309,318,376,494
38,83,102,183,198,270,345,360,386,437
5,245,276,335,352,410,411,421,446,485
20,86,111,199,257,283,345,385,477,479
58,85,200,265,278,282,284,305,395,423
11,55,136,169,276,321,327,384,446,447
20,65,119,147,197,329,353,371,405,419
91,143,211,250,257,303,320,354,371,394
25,54,68,80,149,167,368,389,427,471
100,115,128,146,210,257,266,279,351,381
47,61,69,131,177,268,289,349,401,436
30,36,45,111,150,152,223,247,412,456
48,135,160,161,183,189,335,409,428,455
57,166,270,277,314,378,400,423,438,497
16,44,121,164,226,230,257,345,352,489
35,53,62,169,195,201,291,408,461,486
4,21,74,109,116,132,218,246,481,498
13,105,122,156,191,286,294,378,381,386
76,82,94,125,232,241,256,299,355,431
38,157,190,231,271,331,348,428,434,483
43,155,171,202,231,282,337,372,380,405
20,58,211,243,322,355,374,375,391,427
91,98,138,157,166,170,264,324,411,429
19,56,59,87,99,108,252,273,451,466
13,33,48,160,256,348,378,391,407,442
150,171,179,206,224,257,263,284,351,400
2,178,226,228,337,383,406,423,446,472
17,126,211,222,238,312,348,405,409,425
21,26,66,78,128,149,171,229,312,493
42,54,90,168,185,194,286,344,488,490
29,80,146,151,218,257,276,344,403,440
62,70,104,180,237,238,397,405,465,484
10,28,51,113,265,277,444,445,469,484
26,41,62,79,124,148,203,333,393,473
103,202,215,236,252,272,280,282,358,452
12,14,186,298,365,410,415,472,478,497
0,97,110,183,187,276,355,360,475,478
25,38,58,66,118,124,197,459,469,489
98,113,123,124,163,182,239,408,461,470
94,179,259,331,339,377,408,457,489,498
126,195,203,331,340,400,456,471,472,478
60,90,98,115,119,130,242,277,296,367
50,128,231,256,262,269,297,362,393,398
44,55,65,136,174,200,292,380,388,395
10,54,61,78,161,195,242,276,278,478
135,154,157,184,227,251,314,435,467,477
38,54,68,229,254,274,330,365,384,482
24,40,45,155,228,278,288,319,439,447
112,119,147,295,315,351,373,391,411,477
42,87,164,242,293,341,377,382,396,401
65,125,145,167,237,284,361,376,407,417
39,154,193,203,221,336,396,470,477,486
146,185,208,227,247,257,362,380,415,463
2,82,89,140,216,282,323,332,435,438
73,209,225,297,302,361,419,447,465,488
49,58,203,211,259,356,363,371,391,398
16,56,97,192,225,262,330,424,467,469
11,17,19,35,94,187,227,314,445,497
109,151,157,177,187,202,257,287,310,341
143,234,250,257,290,328,347,396,402,451
8,41,45,78,207,212,223,313,314,456
4,153,166,193,236,262,282,305,466,485
30,125,186,209,272,273,278,350,377,485
24,85,184,188,232,296,391,434,463,487
55,90,179,237,247,285,324,371,450,451
98,190,209,210,231,298,315,387,477,483
114,156,160,164,193,250,277,332,397,428
96,129,150,216,264,279,393,398,404,427
13,35,57,260,346,388,408,423,437,460
184,216,286,289,293,301,324,335,462,468
15,62,68,107,118,163,231,233,267,430
1,7,85,214,293,338,339,370,381,452
28,98,104,196,273,342,371,408,420,436
77,109,120,139,174,191,226,333,414,418
12,72,105,124,131,140,205,275,360,447
26,42,200,213,225,237,241,326,379,441
17,91,135,170,206,213,232,317,433,470
87,222,254,279,345,416,444,448,473,475
102,122,127,161,200,222,240,355,364,488
115,171,314,344,394,410,447,450,470,496
36,152,233,279,292,380,388,390,403,444
22,116,142,149,172,199,294,322,456,489
170,178,215,221,241,250,329,333,359,380
3,42,98,126,143,196,220,375,406,485
18,59,86,104,131,324,390,432,482,494
1,117,161,204,218,243,274,401,450,452
93,94,144,230,243,249,254,307,334,454
4,18,49,137,231,266,293,311,489,495
164,215,246,272,278,348,356,440,470,478
4,153,169,170,185,235,299,311,420,430
39,81,92,162,256,308,321,341,437,478
31,140,163,164,197,325,338,350,435,459
4,16,138,202,207,252,325,429,437,462
46,83,87,159,194,226,295,404,456,491
60,70,78,105,265,304,358,421,461,477
15,55,66,82,133,195,319,374,455,456
40,53,197,224,233,295,308,333,419,490
226,282,361,394,419,451,467,485,488,498
48,97,185,411,431,443,459,481,494,497
27,131,147,211,235,241,278,279,351,486
27,39,52,170,239,247,297,395,431,489
14,44,77,149,254,258,379,412,448,471
41,114,120,126,198,210,395,414,454,497
20,23,129,134,239,328,384,445,475,490
5,55,161,174,230,295,342,353,410,468
19,25,81,141,204,214,262,332,394,425
78,82,85,95,125,190,266,354,429,470
65,66,95,121,173,176,298,306,361,426
19,42,109,129,162,232,242,265,424,437
43,64,200,239,241,300,320,357,456,481
62,64,80,236,253,298,309,343,347,389
8,113,149,296,317,374,376,466,490,491
20,136,137,181,188,312,354,355,424,477
42,43,58,112,191,219,232,357,426,427
95,172,188,242,320,347,401,406,436,449
34,41,75,77,95,270,309,356,474,484
164,173,185,283,319,338,393,395,427,444
39,89,122,188,197,219,225,301,418,464
6,61,118,135,224,276,320,342,381,402
95,113,118,153,230,307,335,364,467,495
23,65,86,138,246,249,267,357,444,475
12,44,84,154,219,222,229,249,347,433
106,184,216,316,366,382,397,455,468,486
17,167,177,197,205,222,238,395,406,408
28,80,82,107,167,179,323,372,376,443
69,122,145,181,321,338,353,371,373,399
11,50,63,78,108,127,161,217,295,314
64,66,231,296,336,337,431,440,480,496
98,102,106,124,142,354,361,410,481,487
80,82,163,283,361,381,413,425,477,482
5,8,21,64,247,287,356,369,377,406
0,43,51,84,275,323,366,389,449,453
82,84,143,180,236,254,278,395,436,497
64,87,193,198,218,292,380,411,441,495
26,269,293,309,344,438,465,484,485,497
13,46,99,224,228,323,400,424,444,465
22,73,120,152,203,231,286,365,402,407
44,57,97,137,146,165,261,425,472,488
96,126,130,222,228,237,361,455,487,491
33,115,120,154,206,246,353,392,416,495
144,163,235,258,324,363,366,376,395,481
103,165,187,194,326,370,384,392,455,495
16,101,102,146,267,332,436,455,480,488
19,70,193,213,227,262,282,311,338,353
84,121,219,228,246,260,266,302,316,372
27,83,87,135,214,312,319,323,361,444
228,241,256,368,369,384,397,432,463,498
3,57,159,174,196,207,266,297,343,425
9,14,27,101,136,209,235,326,447,470
123,175,178,277,286,305,378,385,388,406
22,106,111,152,218,264,301,388,426,477
0,123,168,245,255,323,350,397,448,449
13,35,52,117,178,345,434,443,449,482
15,18,77,206,229,291,372,402,439,478
5,37,92,96,168,188,268,403,450,466
22,92,121,187,248,251,301,320,335,388
5,66,206,230,249,268,372,416,431,443
44,59,81,133,155,167,281,350,368,408
9,103,104,181,222,330,335,452,460,462
53,74,96,152,222,233,287,310,372,396
32,91,159,255,261,274,281,464,490,492
128,136,141,172,338,341,361,434,454,489
10,45,116,233,298,335,337,347,351,490
6,27,97,150,163,172,210,284,372,389
35,44,119,138,156,277,359,365,395,439
159,168,178,226,243,274,304,332,467,469
0,6,88,165,175,183,195,369,424,426
149,183,205,210,223,237,249,275,359,405
17,49,79,190,232,243,303,346,362,448
30,50,64,68,286,382,385,467,472,478
7,24,26,78,132,182,219,303,404,483
110,122,131,154,198,266,268,392,446,499
19,43,88,119,160,192,257,356,383,445
56,62,104,109,133,158,219,262,379,472
28,39,67,135,158,238,336,382,402,462
1,31,98,125,126,183,217,259,305,416
6,130,217,222,253,292,364,408,417,472
58,61,62,87,135,176,245,307,345,353
78,85,129,210,223,255,278,359,383,445
86,186,211,260,271,368,383,409,466,478
11,93,169,257,266,299,322,330,410,496
15,29,90,157,170,334,380,401,405,471
35,46,86,110,135,180,229,366,403,487
15,22,108,129,164,251,269,274,290,318
19,25,48,62,86,90,102,106,192,285
93,135,152,179,258,318,369,431,439,492
82,89,113,191,374,380,411,455,466,496
16,56,189,238,251,279,317,377,411,426
25,36,104,105,183,259,262,272,281,428
24,34,71,164,265,276,375,402,408,429
115,132,212,221,227,367,451,459,464,488
125,205,240,247,259,272,368,398,400,436
44,106,143,152,236,342,408,436,440,477
46,47,50,283,295,347,387,414,434,496
42,147,187,201,255,347,357,403,455,465
48,69,142,160,168,217,257,296,334,426
29,30,70,110,125,343,370,397,412,446
110,185,237,314,330,340,408,417,468,478
19,25,129,182,228,313,341,384,417,418
0,65,69,127,211,291,316,338,348,424
10,22,115,164,239,294,357,378,477,481
65,88,112,199,230,266,272,379,389,479
36,42,69,122,124,144,196,270,378,482
6,78,168,231,286,327,392,430,464,497
1,15,53,154,214,318,344,346,363,451
52,91,180,182,259,309,318,346,411,412
5,23,49,107,215,286,294,341,397,424
43,167,172,174,180,335,434,464,481,499
126,145,149,208,227,234,312,315,359,371
14,22,71,100,128,201,288,353,399,419
9,14,34,64,130,224,269,413,442,464
39,85,143,154,210,282,313,323,441,479
9,55,202,358,369,374,380,420,438,499
5,24,33,91,296,300,402,428,461,473
38,68,151,154,175,397,432,445,454,490
33,77,119,132,166,179,246,253,301,473
22,107,127,183,195,252,275,282,321,404
14,64,99,202,228,239,251,314,391,407
14,103,169,257,287,318,345,347,375,431
4,45,78,119,149,198,257,292,388,433
10,37,86,117,174,218,272,409,432,468
167,195,221,302,317,328,364,426,461,481
1,164,214,224,240,256,306,322,465,486
59,67,156,189,216,255,339,349,395,411
37,147,189,190,209,350,370,463,467,470
58,112,187,191,270,389,429,443,482,495
19,63,183,202,217,277,302,324,354,410
9,62,66,209,230,254,255,324,419,454
77,104,167,196,198,246,338,371,424,447
67,210,221,241,306,322,380,412,435,469
126,287,324,329,377,408,429,440,480,495
53,185,213,238,293,314,334,357,392,452
16,52,65,118,120,228,301,319,415,463
50,55,67,90,142,159,254,390,404,406
42,67,82,98,171,187,262,299,309,493
117,200,232,233,237,359,380,433,443,488
59,235,236,285,287,432,438,480,485,488
13,33,102,129,219,228,305,428,434,455
15,38,82,112,262,267,321,342,391,439
72,87,145,151,293,340,356,387,399,439
185,202,258,290,309,322,392,408,453,478
21,80,129,148,272,288,399,435,442,493
17,30,190,192,240,311,358,472,476,488
141,174,249,281,317,325,354,388,422,437
23,58,186,190,210,274,323,332,357,422
2,24,66,95,159,167,209,225,281,366
99,111,116,183,250,292,372,433,449,470
146,172,187,245,267,283,371,378,389,426
11,51,168,179,229,305,352,360,373,382
30,78,141,244,274,349,353,437,444,469
13,101,113,172,272,291,326,344,443,497
1,4,6,30,90,264,350,377,398,417
20,28,92,179,186,215,263,287,305,318
54,103,126,163,265,278,316,398,416,488
4,22,144,156,176,237,328,372,427,455
55,59,206,244,270,279,315,408,434,496
31,74,96,129,213,288,339,362,386,387
13,28,91,113,231,233,263,426,449,471
35,65,86,103,197,225,261,403,422,454
32,41,196,201,277,365,374,403,428,486
7,22,42,86,97,147,277,392,447,470
16,37,75,141,145,292,307,403,412,439
70,130,256,268,304,356,367,368,377,421
24,104,135,141,154,283,343,403,452,476
17,96,125,190,261,330,378,389,434,474
221,328,329,379,406,418,457,474,482,490
0,10,172,272,307,374,387,416,423,468
14,38,77,106,159,230,374,388,409,444
24,53,61,71,100,185,342,413,414,498
14,16,56,111,141,142,219,221,362,464
71,141,157,202,225,238,313,360,407,483
99,112,189,193,218,239,291,422,430,464
36,57,69,84,103,118,318,341,394,445
18,41,87,108,164,172,197,287,395,493
58,175,192,236,246,251,302,323,466,475
7,49,132,228,296,332,398,400,479,482
12,31,53,68,84,123,176,177,264,383
75,92,93,114,193,263,340,374,395,429
0,19,73,143,171,247,250,397,459,497
48,119,141,253,341,368,390,404,413,466
33,43,155,172,197,261,284,319,406,427
37,100,102,146,174,200,300,352,382,432
0,50,78,87,105,135,155,156,212,349
10,55,134,200,226,233,250,385,480,493
5,65,126,188,207,284,307,352,367,405
192,238,255,266,275,339,379,388,428,488
82,89,94,199,284,307,334,336,378,417
4,41,49,222,225,243,295,399,413,452
7,82,113,133,177,289,309,363,435,499
29,60,116,210,287,301,330,354,380,438
26,51,80,178,181,233,265,375,386,389
41,48,89,187,188,244,308,309,371,412
36,209,249,286,308,368,433,443,479,485
104,127,168,268,290,314,385,390,408,426
67,117,141,206,249,272,304,321,354,388
63,65,71,121,164,183,188,214,273,384
119,231,281,312,319,348,381,399,477,481
23,170,183,211,225,259,289,346,406,484
40,163,228,309,346,394,405,410,450,495
6,13,95,197,275,336,355,420,480,496
20,28,89,103,105,132,189,260,282,350
91,203,340,349,372,384,479,486,489,491
92,153,251,277,317,318,327,357,410,455
29,56,309,366,392,405,448,459,462,490
36,43,61,208,209,224,284,299,403,475
123,136,139,156,160,231,292,353,402,409
16,60,120,275,283,326,418,442,467,492
25,95,166,190,244,286,291,335,403,467
81,86,205,214,254,324,326,373,385,397
20,161,176,192,217,219,292,303,304,448
4,31,53,57,83,145,203,297,315,350
38,220,288,318,321,338,401,402,404,438
6,100,124,152,255,284,331,434,465,488
51,58,68,142,193,254,285,348,426,472
17,38,48,98,99,175,274,319,375,416
62,84,142,242,265,319,379,383,389,465
6,142,166,167,175,197,246,254,298,491
129,142,229,275,300,366,381,384,394,455
2,35,185,189,248,312,323,382,409,422
4,27,152,156,200,225,367,406,446,483
139,167,172,200,234,285,366,396,404,472
64,102,149,197,240,344,368,392,466,479
78,92,147,188,209,272,292,302,442,485
87,180,223,253,303,348,368,373,411,473
17,70,72,83,148,160,175,177,272,317
20,103,108,157,221,336,366,425,430,495
20,75,120,231,237,238,384,414,434,499
5,62,180,189,193,215,234,243,367,408
16,56,100,114,128,214,249,359,362,382
11,21,27,89,122,162,198,233,303,360
16,26,58,107,149,158,333,367,373,467
14,36,54,63,179,185,302,412,425,467
70,161,167,311,338,378,380,395,416,492
47,142,148,215,251,295,382,397,445,461
155,176,243,247,290,314,389,398,478,484
3,34,156,207,223,273,387,395,442,464
93,102,122,164,181,273,314,363,458,470
19,135,228,236,253,254,265,400,406,477
38,57,151,160,201,234,350,388,469,499
79,123,196,247,260,272,307,333,465,484
126,150,161,170,269,345,355,384,461,474
37,41,42,58,127,174,177,375,428,455
26,76,141,158,188,265,268,309,395,464
45,106,124,158,319,343,392,413,472,486
146,242,315,316,340,382,395,409,424,480
25,124,184,219,238,291,332,383,387,419
35,116,127,145,171,192,223,287,392,408
52,166,242,285,303,358,405,406,426,484
92,105,129,153,173,180,236,345,355,414
95,114,125,257,284,296,306,312,340,411
35,68,135,287,385,399,421,464,485,495
8,17,36,61,97,365,372,387,467,492
112,128,228,242,279,338,384,400,425,498
146,198,212,272,355,392,399,425,451,477
18,31,42,53,96,127,217,276,433,462
28,42,76,92,181,254,305,416,483,491
105,115,131,143,215,222,273,324,326,499
34,69,77,80,108,134,321,344,362,499
17,47,57,90,180,244,245,274,287,295
18,61,155,302,330,417,418,434,464,495
1,34,39,158,172,178,271,357,359,463
58,92,116,168,211,268,310,325,354,448
80,156,165,186,245,308,311,314,358,410
48,78,112,149,233,236,257,374,441,497
17,92,145,171,238,252,268,375,389,492
144,178,186,230,244,273,299,320,372,401
58,170,180,266,380,385,452,470,481,484
60,85,109,168,289,309,317,376,470,477
39,42,59,83,101,132,188,202,456,493
78,157,284,285,312,320,349,356,426,482
72,152,160,204,235,297,321,330,334,468
60,91,209,233,282,301,402,470,471,483
3,11,147,280,304,410,417,422,426,441
93,94,152,182,184,214,230,338,353,452
49,70,90,217,229,254,295,363,440,474
50,51,71,128,156,302,424,439,444,461
56,114,157,172,307,340,376,378,408,435
45,128,184,224,284,345,359,400,494,496
2,89,97,157,197,203,238,343,370,398
10,58,112,150,154,160,238,349,437,455
153,163,213,246,352,418,456,466,470,489
19,37,64,107,317,386,401,435,458,467
11,40,48,123,172,266,309,379,402,450
103,132,158,176,233,242,250,252,360,403
48,67,78,83,115,149,170,196,367,474
131,187,200,217,254,305,381,419,455,498
45,110,117,173,184,231,261,323,447,477
161,166,289,293,345,347,361,371,408,415
75,156,179,200,246,254,315,395,425,467
66,178,250,251,259,277,356,358,361,457
10,17,48,68,112,154,252,333,438,465
48,140,180,204,249,252,330,343,362,424
4,22,68,123,191,252,379,380,450,480
36,47,49,85,192,232,287,341,342,360
18,90,104,120,145,172,180,182,475,488
95,143,204,222,230,242,244,349,352,452
76,177,205,211,272,275,318,379,383,423
0,37,48,108,129,165,253,391,449,485
11,25,107,137,155,175,233,277,300,488
57,105,241,242,363,393,409,429,433,459
16,37,135,159,294,317,358,429,453,486
59,157,199,245,264,295,371,382,389,445
9,76,96,131,194,246,254,286,353,376
11,84,98,128,163,189,247,278,386,417
10,67,151,164,246,247,373,433,434,470
12,151,190,199,213,219,315,331,332,334
38,57,76,78,107,140,178,189,237,240
12,74,78,115,184,199,274,284,295,399
28,54,98,103,152,156,200,218,275,421
53,66,96,102,225,376,378,444,448,499
17,71,95,327,361,370,381,393,431,477
77,143,219,237,276,294,320,409,478,485
41,95,98,125,182,231,243,249,300,335
8,83,90,116,123,240,305,309,343,345
0,23,84,140,173,182,183,202,302,472
13,44,115,132,166,275,308,334,340,460
12,17,40,162,166,220,225,282,321,443
4,19,93,215,312,322,383,390,397,461
41,70,103,110,117,224,226,269,489,497
36,125,143,160,186,207,237,410,417,462
157,215,225,235,268,293,318,396,449,487
30,40,42,180,303,361,412,454,465,492
18,40,94,171,251,255,261,337,443,497
3,104,145,260,283,298,422,456,470,473
51,52,194,279,280,355,357,381,469,475
45,87,125,163,199,210,226,408,416,475
25,42,93,217,224,260,324,357,449,460
14,26,97,164,174,175,180,253,387,406
67,104,116,152,216,240,323,339,440,444
4,77,118,127,186,192,296,329,430,432
6,65,70,73,205,238,304,310,415,451
5,68,75,126,150,233,299,321,348,416
10,37,137,146,161,212,296,303,367,458
65,132,157,185,233,270,313,317,360,471
21,87,90,117,237,247,273,373,375,426
12,22,135,218,309,324,462,463,483,491
37,38,75,140,169,190,226,336,353,408
20,39,51,92,196,264,404,424,451,486
4,76,125,181,186,246,352,362,422,454
267,279,338,345,364,367,400,450,487,493
22,71,105,132,235,244,267,325,391,398
17,29,87,172,190,237,238,351,376,439
106,183,218,349,411,416,432,450,472,476
61,71,96,170,189,226,254,387,431,463
0,45,145,159,210,222,265,324,339,446
74,111,177,214,233,268,309,312,383,450
0,16,119,142,230,257,285,387,414,485
31,59,128,166,249,302,325,345,480,492
165,193,194,227,234,321,325,328,338,366
22,32,38,62,77,221,238,254,279,474
63,92,130,132,134,190,245,268,325,483
0,37,95,143,182,198,263,265,350,490
33,93,136,140,144,252,257,268,404,484
27,32,44,119,142,307,329,343,372,396
17,43,55,84,172,198,224,318,332,490
56,113,146,197,215,249,256,267,284,292
16,25,148,166,170,199,224,353,368,480
72,116,134,142,209,277,284,328,382,454
71,74,169,251,266,374,423,445,448,457
56,130,214,231,287,292,313,338,388,486
40,69,146,165,257,367,389,422,442,486
73,165,176,200,272,319,345,395,412,422
46,69,71,88,107,123,202,210,239,497
8,46,125,160,215,222,365,418,435,474
41,54,77,86,165,209,239,294,365,481
12,84,85,108,180,220,395,432,477,483
42,67,239,358,397,426,452,474,476,499
69,95,116,123,147,166,221,240,249,358
26,33,67,205,251,273,335,337,363,481
29,48,76,91,93,142,209,277,343,364
13,28,150,158,219,266,333,422,467,499
23,26,249,285,391,410,418,484,491,495
59,76,187,290,297,324,361,393,412,491
117,120,147,208,273,293,312,394,453,479
65,205,219,276,289,309,323,470,474,491
34,74,78,217,289,334,380,431,435,483
84,115,260,262,312,325,375,389,391,481
27,43,125,134,198,248,263,280,337,471
35,50,109,119,147,180,232,265,292,430
31,95,102,125,183,264,271,283,290,473
34,78,94,110,124,166,178,232,282,444
9,173,223,228,264,323,338,356,447,454
89,124,249,325,337,347,358,375,379,472
55,160,194,207,241,246,294,398,410,472
52,100,146,166,215,298,376,437,454,481
38,156,192,229,274,286,291,316,355,492
41,108,235,250,259,347,352,389,438,443
35,143,363,384,402,403,421,441,462,463
3,15,26,48,167,182,194,271,345,416
6,45,54,113,187,309,351,368,454,467
25,148,168,182,194,202,254,375,423,447
33,84,85,134,286,387,400,440,470,486
14,53,81,99,101,191,208,272,368,437
56,72,80,93,112,138,295,331,363,466
77,90,118,138,151,296,345,376,409,427
70,195,236,261,319,403,416,419,435,458
38,127,149,284,303,358,381,392,411,420
116,159,166,171,207,226,367,401,454,485
79,140,174,185,243,293,324,330,344,364
49,117,160,308,369,382,417,434,441,468
15,130,139,169,186,195,211,311,367,490
47,54,167,243,264,280,317,357,385,486
76,158,315,324,352,374,392,394,418,424
113,137,144,164,181,259,364,412,423,495
45,104,111,173,288,323,399,463,476,478
0,71,85,146,218,294,307,317,408,480
25,67,125,196,255,302,335,378,447,476
0,140,223,225,256,302,312,328,365,419
48,92,140,157,161,168,259,307,330,356
121,163,180,184,289,294,329,375,381,426
3,12,23,42,94,119,165,245,253,473
27,38,178,244,269,276,281,400,421,472
17,44,182,186,245,257,262,268,333,400
78,110,145,163,196,223,318,335,417,487
56,144,243,262,274,297,335,451,476,483
43,87,107,111,185,342,364,369,414,483
25,79,109,114,252,274,275,352,379,489
1,39,65,130,181,186,206,286,390,468
98,132,199,293,299,353,374,402,437,458
60,171,217,235,272,280,297,326,338,450
85,138,139,145,200,241,272,323,367,370
40,56,243,266,275,314,330,338,356,378
98,111,118,253,254,260,267,294,369,435
22,43,160,199,262,268,292,330,343,467
37,48,85,108,195,251,298,362,392,446
47,211,225,228,275,280,281,319,358,439
0,17,109,123,129,199,286,441,470,494
49,70,77,103,153,208,393,425,436,480
36,61,76,81,199,281,307,329,448,451
3,80,165,222,269,287,288,293,357,365
29,50,67,109,115,136,155,292,461,473
3,7,170,248,358,395,440,466,473,495
58,88,106,151,184,251,252,271,369,420
47,72,108,134,170,174,215,305,349,430
29,52,147,176,319,330,414,425,426,467
21,25,162,181,227,231,242,265,325,350
27,31,184,187,259,282,336,387,442,476
29,124,134,137,157,170,179,195,349,370
34,92,131,144,246,288,309,344,374,430
73,166,257,269,297,383,403,407,411,493
67,187,218,239,253,310,315,376,448,458
30,33,143,167,208,265,286,362,453,490
34,50,88,123,210,258,270,274,337,393
10,184,244,280,404,426,433,452,463,476
23,28,58,122,132,175,249,291,382,402
32,49,130,198,202,227,273,286,333,400
48,136,163,197,227,228,232,327,478,479
0,151,174,282,354,382,402,422,463,475
0,27,43,94,153,209,212,356,386,480
15,25,35,176,255,262,305,351,451,486
51,120,141,201,230,236,386,446,482,489
10,102,135,137,148,257,265,330,348,358
41,67,70,88,215,272,293,297,320,331
11,17,88,96,101,173,187,240,256,355
3,8,43,115,163,252,316,427,462,495
51,64,76,92,162,177,253,261,275,438
105,140,154,168,240,245,271,351,353,396
203,225,226,266,283,323,339,376,470,489
13,30,46,121,285,313,383,392,454,467
157,216,219,289,298,343,386,420,442,456
13,53,58,63,130,251,253,346,347,443
49,171,200,264,269,343,381,399,456,458
28,73,101,103,138,211,351,416,465,497
45,307,370,385,401,416,422,453,459,475
53,123,229,250,253,257,284,396,429,463
7,32,39,91,146,252,290,354,452,467
79,105,110,145,179,241,259,311,371,372
85,198,270,281,283,353,431,447,481,490
19,72,122,185,188,212,274,447,466,487
29,64,103,251,294,375,432,435,447,482
1,36,78,224,303,304,389,397,398,481
67,131,172,183,384,391,475,478,479,490
0,39,100,130,241,344,352,365,417,452
2,70,140,243,271,324,325,345,440,486
19,28,230,239,287,364,395,422,442,469
105,125,148,275,307,327,390,400,478,487
46,56,63,83,145,155,199,208,220,430
23,78,92,101,247,319,408,433,453,483
33,81,88,173,231,274,277,310,315,351
13,57,97,203,212,349,366,411,461,464
65,108,178,253,276,345,353,391,421,473
83,89,106,116,155,157,209,224,227,481
20,237,256,312,322,353,383,433,447,472
12,16,86,158,230,253,288,396,401,431
99,103,135,142,143,168,256,259,327,380
15,29,35,77,115,237,265,267,341,468
1,63,91,139,163,344,356,406,413,416
2,195,295,307,355,372,386,414,438,459
69,82,174,176,185,252,295,321,330,374
12,24,29,32,60,126,147,152,156,445
23,50,173,199,331,364,451,471,494,496
14,74,91,128,224,257,306,310,404,499
18,47,54,123,167,249,373,397,458,495
123,138,139,255,275,307,417,448,453,482
51,147,174,185,199,203,226,307,443,498
88,105,118,153,223,245,330,398,428,465
13,38,74,77,169,199,234,277,336,381
1,172,176,205,288,335,347,375,398,403
1,27,54,90,92,140,187,269,331,452
16,28,41,72,151,241,291,335,426,466
7,10,34,157,229,275,357,376,385,416
25,28,31,98,200,248,267,333,373,475
76,144,267,320,374,387,393,420,429,491
22,32,83,85,135,184,192,201,245,276
22,62,142,146,237,310,334,378,380,478
15,47,77,222,226,245,248,353,373,377
74,102,121,140,168,178,269,286,390,408
4,114,143,144,154,197,306,346,370,465
47,137,176,229,252,421,447,484,486,499
6,65,76,144,253,366,378,383,454,456
2,28,47,64,197,241,370,440,450,458
40,127,177,376,383,392,395,445,449,477
34,47,48,88,167,169,237,245,271,426
3,154,245,291,299,313,326,354,438,485
2,57,249,262,336,377,396,401,430,499
1,15,37,39,60,139,152,233,240,492
145,151,241,261,349,366,433,450,460,483
21,164,258,275,289,414,424,466,485,488
12,52,67,122,144,176,184,192,323,466
15,41,54,90,102,109,170,290,408,454
22,149,151,158,198,201,234,409,428,486
92,98,122,129,254,327,370,396,460,477
75,103,120,127,216,233,239,331,357,393
70,107,207,219,228,231,263,327,435,456
30,125,127,129,143,198,222,303,408,484
54,59,93,147,271,305,331,346,355,495
22,50,68,128,137,243,295,365,427,473
23,38,110,169,226,274,283,288,291,461
28,116,153,182,277,326,366,438,460,490
68,78,158,244,267,271,289,358,403,440
65,73,85,299,316,322,406,453,478,483
31,67,186,259,335,351,369,382,391,499
63,80,96,126,266,280,352,353,387,434
136,138,259,266,333,337,346,396,422,444
56,174,245,264,272,302,336,344,397,485
35,88,89,184,259,270,275,374,468,485
46,82,119,120,244,256,376,422,427,460
69,77,208,241,247,307,372,450,467,476
3,106,167,188,200,211,260,327,334,337
74,78,85,145,157,218,252,260,270,289
60,66,130,179,184,304,356,364,394,496
46,70,137,141,223,355,357,375,380,413
37,113,151,200,204,207,229,304,349,468
92,112,215,283,293,294,364,393,466,499
13,210,213,273,316,332,343,344,362,416
21,25,62,165,175,217,350,366,367,427
5,22,188,301,315,352,433,437,485,493
23,60,111,150,153,165,376,474,486,491
9,20,80,185,332,333,341,403,425,480
2,5,107,168,240,259,296,355,371,451
2,10,19,63,155,213,262,289,384,443
29,50,149,198,291,326,334,349,369,399
82,165,228,232,241,273,275,303,479,483
27,92,95,228,288,341,350,359,394,456
21,85,100,102,131,199,200,234,340,454
108,146,189,274,380,419,432,433,451,456
71,105,121,147,208,326,344,359,364,474
80,145,171,183,213,252,278,343,373,445
14,21,114,215,216,231,268,297,441,497
0,108,144,149,251,273,298,301,370,491
41,57,204,224,362,366,368,466,477,487
15,138,192,201,239,260,303,326,355,489
35,47,55,97,102,115,187,195,303,332
6,205,226,242,284,309,341,344,354,357
34,60,173,189,330,450,451,481,494,498
6,91,104,110,181,193,206,393,446,495
112,124,139,238,300,308,321,428,430,496
7,73,183,290,295,367,374,378,403,498
1,102,155,292,309,343,384,400,419,452
31,118,193,206,327,336,372,437,479,484
21,62,79,273,298,326,362,378,450,488
78,116,195,208,222,341,376,401,431,453
14,135,164,272,366,401,415,454,465,485
27,28,85,241,287,333,389,401,443,458
3,85,147,184,209,239,325,354,383,463
35,69,111,183,243,309,387,389,391,437
11,12,64,245,296,344,364,455,479,486
8,48,68,195,310,325,383,392,396,403
15,54,82,91,115,127,317,372,384,399
7,13,195,213,230,270,337,341,468,489
9,43,46,54,106,121,213,309,411,473
0,162,170,229,333,335,390,419,427,436
34,50,134,185,215,219,284,390,397,468
25,69,75,158,212,261,273,383,387,429
17,55,171,222,231,232,270,330,332,475
29,76,140,158,172,290,301,453,458,468
64,69,90,194,219,236,289,324,380,446
13,24,79,91,182,195,238,333,422,498
95,130,152,156,224,296,369,434,467,486
14,21,119,257,308,342,407,442,462,477
8,132,208,243,297,308,340,350,490,498
155,185,287,336,372,400,427,429,468,480
139,167,181,207,292,319,335,352,420,471
46,69,74,81,87,200,217,224,236,449
1,18,130,138,245,294,313,403,422,436
29,64,117,161,212,258,286,409,454,496
11,21,23,71,131,156,181,254,287,338
30,60,107,150,201,245,258,268,409,466
19,57,60,184,187,212,253,322,369,394
49,91,120,193,312,341,373,374,397,488
