117,126,143,189,251,308
85,250,277,314,318,476
169,242,406,408,423,489
101,197,351,374,400,469
80,140,179,247,255,431
94,100,136,150,270,475
140,199,254,312,346,369
15,62,98,165,182,297
37,105,184,262,350,445
12,204,211,227,340,348
130,216,331,376,424,460
15,72,108,255,298,482
8,140,146,189,242,350
62,72,73,203,368,416
1,68,100,221,255,382
132,179,426,433,441,479
93,261,394,426,447,497
92,133,181,235,435,472
70,217,301,465,469,498
200,245,275,300,328,493
64,102,229,232,417,442
26,71,121,128,350,469
36,42,60,307,410,437
76,85,131,156,298,392
89,344,384,398,458,493
66,77,164,234,454,497
20,184,260,277,415,471
35,228,242,245,338,378
16,116,171,222,420,460
42,108,200,254,349,365
6,32,174,405,426,431
30,53,80,259,338,449
87,174,298,403,482,498
134,188,242,306,324,430
3,112,125,149,204,421
2,104,136,153,217,380
121,239,295,356,366,460
95,124,194,235,341,446
16,68,84,102,286,377
65,133,200,289,400,419
13,111,224,414,416,457
0,120,217,228,321,426
56,192,205,230,410,450
34,57,315,453,456,478
18,68,120,213,305,372
84,208,362,388,401,499
27,68,78,438,459,473
239,307,317,378,385,401
177,210,247,359,462,481
70,146,167,198,215,410
36,47,66,112,232,355
31,56,196,263,372,375
85,87,264,295,299,374
2,67,102,232,383,466
21,196,200,333,356,364
103,122,215,259,283,438
111,228,239,245,311,392
63,72,138,188,257,470
44,63,224,233,333,484
78,109,123,289,324,497
7,26,203,209,330,376
294,354,367,402,437,499
56,128,264,325,438,466
51,96,158,362,422,434
139,271,304,364,389,463
113,189,191,272,380,384
193,247,385,393,448,479
75,154,288,329,388,494
33,95,199,348,379,419
16,197,332,346,441,469
31,111,178,304,322,494
76,178,198,353,364,425
189,199,205,311,317,474
160,162,200,237,278,399
17,73,198,317,393,454
148,214,309,314,381,490
92,122,224,324,420,495
4,7,115,130,147,324
29,32,232,337,382,394
184,336,354,397,443,484
21,51,96,407,445,487
59,105,193,293,427,467
57,66,278,304,325,394
7,199,277,281,321,401
78,139,227,305,440,496
31,142,153,173,359,419
185,256,290,382,405,406
62,129,204,339,355,390
82,106,213,255,263,267
68,221,323,409,455,487
22,127,136,152,352,458
31,124,196,320,359,493
28,58,111,124,233,357
19,45,46,144,371,438
6,69,88,101,275,287
26,115,136,233,287,481
10,90,112,264,332,378
3,36,52,71,246,346
146,286,321,361,364,444
132,137,236,380,481,497
98,237,312,399,420,496
71,138,249,253,368,450
42,57,118,136,303,332
108,194,218,296,299,370
77,184,288,323,366,433
73,88,107,288,370,484
28,71,208,365,366,460
105,154,204,252,319,422
113,158,165,288,389,431
21,79,185,268,297,321
189,240,379,383,436,482
37,139,155,402,476,485
17,101,137,319,351,469
31,119,273,275,285,354
9,64,72,122,389,489
6,135,230,291,384,499
180,186,218,316,396,431
137,185,236,276,376,387
230,241,255,287,440,498
55,70,83,85,416,435
44,56,113,259,274,484
81,94,95,99,183,492
47,216,238,342,390,422
4,14,221,301,342,475
48,106,145,248,410,480
158,275,297,374,461,494
64,78,214,268,288,369
81,108,151,153,231,340
53,179,181,255,282,426
205,263,437,457,483,485
60,106,126,231,416,456
17,80,81,166,428,457
17,241,313,324,384,468
178,275,332,352,391,473
107,117,249,314,342,390
52,134,286,328,405,456
54,137,165,271,289,424
107,176,282,342,375,466
18,46,67,74,87,267
39,127,178,213,243,330
50,106,272,287,291,349
53,70,88,332,359,411
6,79,108,110,460,464
51,132,157,190,380,494
21,38,135,235,265,270
100,213,242,358,460,481
118,142,277,379,389,394
50,152,199,359,397,431
28,58,241,245,269,393
106,163,314,376,465,486
1,34,110,156,176,204
148,166,180,216,381,420
54,58,118,267,375,406
135,141,165,348,371,494
61,217,249,340,440,468
39,41,188,224,474,481
16,248,278,337,446,447
71,90,187,246,316,329
140,143,306,329,437,471
36,263,295,328,376,395
21,306,340,349,374,451
50,70,160,170,197,380
155,298,349,355,361,414
137,177,214,230,236,373
24,25,41,216,235,489
70,293,336,418,423,457
164,224,268,392,476,482
36,112,170,203,309,312
56,217,219,295,353,488
46,53,78,106,283,350
38,78,86,220,227,375
51,53,178,356,388,451
243,259,269,348,410,455
26,91,265,288,392,441
51,143,301,366,420,458
47,163,218,277,289,395
82,167,261,324,439,466
123,209,222,374,478,480
98,195,247,325,342,482
172,192,341,407,437,479
136,207,236,244,320,346
171,264,266,318,417,441
99,147,217,270,447,476
63,102,107,138,184,194
71,166,276,324,429,487
88,133,223,232,276,425
91,92,129,177,193,380
52,373,403,418,464,470
8,103,158,223,232,349
40,182,261,263,321,437
132,177,313,397,427,443
34,196,282,368,388,415
2,293,300,394,433,456
12,47,183,201,291,449
63,168,410,422,457,469
44,68,99,156,199,429
2,9,41,301,322,402
7,11,109,172,280,313
9,68,84,174,203,359
55,63,236,248,310,467
90,145,187,258,460,471
50,128,210,218,282,477
3,36,166,443,452,476
144,176,214,347,397,492
74,75,131,146,200,471
22,103,269,354,455,483
18,134,233,239,380,408
73,105,172,293,471,472
26,201,274,333,334,382
3,88,144,160,245,277
113,199,265,382,404,456
123,151,159,173,360,462
116,237,379,438,457,494
22,83,132,324,369,470
12,144,176,341,363,492
21,80,191,220,273,339
41,70,85,231,247,456
106,119,159,293,416,468
15,64,146,201,282,407
5,108,310,325,384,389
56,122,252,265,280,493
73,166,170,227,278,383
71,122,152,205,319,321
86,161,192,199,411,462
217,242,306,346,349,463
20,57,191,242,457,488
84,151,158,307,315,358
6,80,122,242,310,438
20,234,364,428,469,484
353,396,403,433,484,492
4,54,61,198,317,394
85,170,316,333,359,408
90,171,293,368,414,428
19,193,249,255,294,323
45,156,292,329,378,397
23,43,296,320,339,462
113,296,336,379,411,458
102,246,312,350,356,453
12,56,81,203,357,479
153,194,239,245,263,462
57,145,295,334,474,482
162,233,246,305,427,478
23,41,71,98,276,401
90,208,316,347,370,485
2,35,36,233,259,499
109,233,259,305,325,339
33,103,124,163,311,403
85,95,233,263,393,447
72,203,247,311,401,444
195,245,253,322,401,484
39,59,141,156,296,407
179,252,256,293,370,486
43,151,160,164,204,318
189,235,271,318,347,422
10,19,49,144,330,332
229,258,330,377,406,450
192,373,401,414,428,468
22,153,191,247,387,428
296,339,387,415,417,481
292,317,335,402,422,480
9,13,33,287,349,442
37,43,333,390,437,438
57,74,137,143,305,367
5,72,94,107,180,300
36,47,230,294,305,332
149,175,291,341,378,399
116,227,231,429,438,470
4,47,240,301,349,449
15,63,69,170,333,427
6,47,298,467,473,482
133,218,276,353,388,439
31,44,192,252,256,449
19,43,201,291,344,458
287,306,383,390,405,422
66,115,204,238,333,411
2,93,188,210,212,482
93,149,236,248,316,402
51,128,162,305,366,379
36,153,162,174,225,242
208,262,340,352,373,410
5,89,149,189,259,316
58,112,214,288,341,452
21,69,134,196,202,381
90,334,342,412,417,473
97,139,271,326,449,453
42,126,215,234,483,498
53,247,337,398,420,498
192,289,349,350,412,417
83,101,126,193,254,448
78,187,198,253,286,384
22,49,110,164,404,462
104,117,205,300,424,486
61,84,143,236,284,490
78,197,256,307,339,405
2,55,131,197,257,303
79,119,168,175,318,427
75,213,264,365,416,499
35,43,135,241,419,496
94,95,160,296,340,350
9,27,42,88,105,146
59,69,228,291,424,442
2,56,82,126,133,461
223,225,230,244,279,285
237,279,315,346,404,484
67,168,232,373,464,481
70,93,280,308,312,407
77,120,213,234,276,360
39,40,98,292,428,473
28,69,89,209,370,473
32,120,346,357,461,482
32,126,293,343,400,444
191,248,251,294,375,445
113,119,251,293,305,354
41,149,155,254,263,421
58,191,244,258,363,412
95,96,175,223,237,474
107,172,176,218,293,485
208,322,369,393,419,431
84,186,208,220,387,455
148,180,261,321,325,352
14,38,253,357,363,465
180,229,231,409,414,436
17,302,359,374,408,480
51,138,207,210,239,378
23,239,249,319,385,456
18,147,185,293,318,441
96,135,287,443,445,489
33,133,216,319,421,423
41,76,284,420,425,479
12,63,178,239,260,380
14,207,255,295,341,445
71,153,196,224,261,432
226,310,394,412,460,461
90,99,266,291,321,361
201,223,245,296,431,469
211,233,254,259,299,438
38,53,164,292,307,450
78,179,189,267,476,479
65,201,240,318,435,472
102,226,266,338,385,425
59,135,232,291,325,348
48,140,156,273,372,470
48,102,120,361,442,444
173,260,298,299,323,445
116,125,195,396,479,481
52,165,184,200,317,451
66,164,312,467,491,496
73,196,215,292,349,352
250,304,350,376,395,481
33,70,74,183,359,380
26,73,354,381,483,491
45,145,285,305,312,483
11,110,128,269,278,414
15,16,60,105,116,122
3,107,118,356,454,499
108,139,201,279,314,361
164,198,226,261,357,425
54,88,161,261,279,435
49,82,166,183,279,473
0,20,91,227,242,333
259,328,349,391,393,441
19,233,272,376,451,488
31,131,181,368,433,442
66,75,169,196,261,375
32,92,93,142,183,218
11,37,66,77,298,404
180,200,326,418,436,496
67,195,280,281,331,347
28,67,206,275,367,489
20,33,165,235,334,427
241,322,374,388,408,447
23,45,161,198,310,363
40,166,280,319,481,482
64,179,208,275,328,359
222,260,295,311,351,497
146,164,230,298,317,349
4,70,125,170,388,455
1,139,160,334,367,467
22,98,103,171,380,396
63,149,325,371,422,429
136,144,257,326,402,478
79,264,298,403,445,464
41,86,201,217,223,446
25,39,52,104,134,261
64,173,199,272,344,363
60,80,153,224,261,334
0,17,240,357,407,416
1,16,48,213,215,368
105,208,242,311,389,498
1,24,39,117,479,490
0,179,291,377,433,467
48,102,142,296,365,460
3,60,151,158,427,466
60,99,112,122,349,401
67,194,315,489,491,499
104,305,368,393,435,441
82,109,233,413,441,456
7,93,202,290,336,473
75,89,105,225,229,475
73,320,427,452,456,470
66,70,92,99,225,422
53,62,309,352,366,382
47,120,237,323,332,430
34,146,160,277,340,472
14,133,134,144,367,372
85,162,365,427,467,490
43,46,128,176,348,488
90,162,170,195,209,490
93,215,264,301,354,496
28,61,81,128,137,229
274,333,337,385,423,470
44,88,145,434,471,477
4,13,110,286,368,451
29,113,164,361,399,470
97,144,277,377,457,466
109,145,210,310,337,406
35,180,205,456,483,487
60,208,277,304,395,438
98,99,123,126,342,443
85,99,232,326,347,432
84,123,179,184,215,472
2,12,220,356,393,400
7,29,103,298,404,498
26,157,179,180,253,327
11,53,149,277,368,380
68,77,140,231,248,291
51,100,146,154,295,446
46,97,247,270,305,401
7,20,25,141,195,355
195,346,388,432,472,493
194,222,348,363,432,497
184,220,367,378,422,446
39,49,100,188,315,359
33,106,177,309,338,410
15,69,210,306,316,449
74,242,276,322,386,431
8,82,200,203,361,492
41,53,182,196,412,478
53,61,63,94,178,203
190,253,345,351,417,498
36,289,372,392,432,487
21,145,229,243,346,397
34,49,80,84,86,454
236,387,438,465,469,484
17,39,166,238,418,435
107,139,340,342,381,451
51,57,191,277,294,316
13,39,40,293,394,479
144,211,362,421,465,495
38,85,150,430,443,472
51,111,350,381,395,420
75,143,167,171,338,383
62,102,119,211,286,404
37,55,291,331,378,416
134,149,200,238,278,336
121,183,313,369,378,462
0,174,203,216,379,438
57,73,436,437,444,489
41,56,68,176,301,408
0,93,152,258,260,266
106,200,221,240,351,359
285,294,318,372,420,443
5,51,148,277,348,460
129,157,214,215,223,429
98,109,251,412,474,483
8,81,115,211,476,485
35,110,135,281,298,375
43,60,230,321,377,409
109,259,289,315,364,417
0,3,19,185,347,376
42,125,360,402,434,445
100,178,218,312,338,409
15,158,219,330,402,403
29,156,347,385,401,430
125,165,189,206,310,434
39,47,88,213,216,395
75,76,131,236,293,383
49,77,85,256,278,353
146,354,366,379,398,499
8,70,270,313,349,380
62,88,201,405,444,463
224,262,367,369,385,420
168,228,246,351,401,475
20,83,97,266,306,355
13,99,156,184,446,454
145,151,163,187,263,384
199,340,376,383,399,434
7,58,68,285,362,400
189,320,324,365,407,492
162,326,347,422,426,434
299,314,317,354,381,390
68,145,164,351,387,413
100,274,295,334,348,481
73,94,190,201,226,430
64,116,147,248,281,319
24,63,331,463,471,496
157,246,251,262,273,278
90,249,361,463,479,488
83,111,293,331,487,491
27,139,282,330,368,403
16,133,272,302,303,365
102,117,134,237,246,412
87,111,241,243,332,393
21,129,130,276,343,431
57,123,131,142,269,452
55,241,356,394,443,491
261,321,332,424,425,491
271,279,288,444,459,486
125,146,176,193,286,352
59,74,157,422,459,490
71,256,370,404,428,476
209,237,310,348,466,473
61,64,176,200,341,409
17,89,136,183,239,270
24,37,182,340,397,408
104,210,279,295,386,476
163,212,320,335,374,382
3,60,61,94,270,395
348,368,401,443,478,494
50,145,149,178,230,386
173,234,259,339,452,456
63,165,367,420,425,487
175,189,327,347,398,435
232,274,319,332,335,381
116,162,185,303,306,417
23,91,197,257,327,398
56,128,142,172,211,339
64,125,176,177,232,269
42,154,302,303,421,467
67,159,225,397,419,478
94,141,341,407,444,467
34,90,158,252,388,414
0,53,80,110,269,463
102,104,284,424,469,476
8,10,58,90,101,335
7,341,473,482,488,491
15,37,48,50,113,177
11,32,89,93,172,363
74,131,323,428,437,496
22,55,83,336,350,466
64,105,387,388,414,435
210,282,346,379,402,475
47,117,168,184,280,422
33,42,47,264,314,362
133,167,234,337,469,483
113,144,223,238,456,479
121,163,262,361,381,449
46,48,54,95,109,352
46,58,230,383,401,479
85,120,189,359,438,461
83,141,163,281,370,374
183,251,404,432,475,491
49,238,296,345,434,465
55,98,121,126,423,480
16,287,350,358,459,469
0,25,43,97,268,372
157,248,330,396,461,478
160,174,228,353,452,494
61,99,176,278,433,465
22,29,61,79,217,361
53,110,252,305,317,338
0,66,72,195,245,436
37,149,178,342,361,452
39,63,153,166,458,498
87,105,165,332,356,414
18,203,292,315,339,495
102,146,200,269,362,454
115,120,224,291,348,398
101,190,252,330,370,395
68,157,186,193,375,416
110,145,223,362,391,498
18,139,168,205,234,419
94,195,234,247,381,435
8,64,82,238,324,421
13,19,61,127,165,491
81,189,196,213,380,431
158,220,277,346,352,431
203,225,298,369,477,483
99,127,134,182,274,490
8,121,130,152,156,319
50,132,293,346,457,479
35,52,82,209,346,475
71,236,255,420,430,482
37,193,230,390,394,470
34,92,107,124,182,281
81,93,180,360,467,496
97,139,261,275,287,482
64,130,206,241,290,331
138,142,165,214,288,464
108,216,226,290,314,344
31,71,156,260,338,464
67,78,157,393,456,487
209,423,427,454,467,480
35,90,92,209,401,432
68,181,196,323,324,447
119,132,300,308,330,416
0,22,141,213,226,318
28,110,133,217,289,315
10,29,167,317,364,499
72,236,329,413,416,435
0,79,93,211,405,418
111,113,292,370,419,420
2,44,130,277,388,495
121,271,314,316,475,487
78,83,140,150,153,422
25,32,318,431,469,471
248,296,358,389,408,452
3,157,237,267,472,478
0,66,257,347,448,493
37,91,122,285,474,482
96,102,105,160,266,374
53,74,241,397,439,459
0,20,159,327,343,413
50,126,234,285,307,356
95,198,390,411,425,482
118,119,181,187,238,365
31,70,297,425,428,439
32,72,81,250,299,425
53,275,296,446,455,458
39,65,100,166,199,409
168,194,257,310,362,425
176,214,229,331,386,435
28,128,198,200,454,459
5,38,69,276,302,373
10,273,317,421,435,483
21,69,175,229,231,330
232,252,319,321,387,437
28,76,145,169,219,263
79,88,115,147,242,493
70,192,239,307,401,490
73,132,268,328,356,364
177,192,283,320,325,404
26,81,109,244,284,324
27,115,154,216,425,435
130,204,238,258,373,395
119,265,311,347,368,459
104,144,214,317,415,422
41,123,202,236,315,480
49,199,241,283,318,430
47,162,199,242,264,372
118,277,283,316,366,463
27,96,123,161,374,417
15,97,174,194,242,486
11,45,48,286,287,463
51,100,124,188,241,417
116,198,305,372,399,408
7,121,140,259,267,285
117,169,292,389,446,491
210,298,373,427,448,495
119,143,257,285,318,343
20,140,210,392,455,493
45,114,238,379,424,465
96,157,191,238,268,441
138,250,297,392,461,495
110,129,283,332,407,486
68,192,260,397,405,453
23,122,170,177,305,429
18,34,42,255,322,420
16,226,231,329,473,490
130,336,352,369,418,447
41,87,129,190,301,321
31,125,128,165,435,454
5,186,216,232,368,387
17,46,161,242,266,412
42,50,183,191,221,226
97,330,342,352,425,489
54,151,329,408,455,462
25,181,254,300,317,332
69,272,277,402,464,488
69,127,131,156,235,334
136,278,344,470,487,491
46,53,64,447,449,489
68,108,270,301,390,416
50,61,220,372,400,480
48,59,82,213,485,492
228,368,389,453,459,483
2,14,62,246,342,436
24,34,120,230,295,315
82,143,228,277,354,489
12,139,188,409,431,496
170,184,292,304,315,440
29,103,117,299,370,396
21,150,250,310,368,437
57,206,238,273,325,360
18,62,121,168,230,368
2,68,202,214,432,479
46,96,257,351,387,404
91,189,220,339,354,433
109,295,307,340,392,439
56,92,298,423,457,494
40,85,101,152,438,470
61,93,246,285,365,466
170,268,293,302,361,451
65,67,84,130,226,278
3,403,449,474,479,491
45,131,229,337,390,409
234,336,343,394,440,453
9,15,60,114,138,309
92,227,303,354,475,482
210,249,338,364,406,452
13,293,326,390,391,444
168,181,254,453,485,491
13,29,154,244,353,476
51,89,185,309,387,494
11,121,134,365,462,465
44,67,211,252,330,354
40,74,236,413,443,489
113,186,297,336,412,489
95,118,314,402,412,422
143,231,238,250,283,463
205,225,309,380,437,442
13,136,201,318,417,460
80,81,259,264,334,454
108,226,295,414,424,476
86,168,182,197,363,373
209,233,260,297,375,382
23,52,78,275,366,476
28,134,279,295,446,452
42,59,89,197,328,398
43,76,144,213,249,473
66,77,94,351,482,495
1,4,320,411,444,471
26,73,178,349,373,449
56,128,150,238,297,316
2,82,122,146,200,480
235,297,314,338,408,411
121,128,354,467,469,494
229,251,387,413,416,442
174,178,331,367,386,389
76,113,205,379,442,464
14,33,81,445,468,492
49,111,113,202,426,457
169,282,363,382,432,468
291,361,427,443,467,471
16,41,82,163,169,286
102,200,385,388,405,429
21,136,246,287,333,352
55,117,158,207,284,456
65,273,375,415,448,495
51,92,132,184,280,413
12,19,194,281,318,477
76,131,198,284,329,384
17,28,52,55,96,484
22,238,386,423,446,450
60,236,299,344,358,442
15,223,282,355,392,497
95,97,132,145,274,482
124,194,312,318,453,493
14,85,135,195,209,371
28,199,242,355,435,463
115,178,206,262,450,459
144,180,226,343,441,460
115,176,255,360,367,494
231,243,251,359,464,489
9,64,143,218,391,434
8,301,318,325,332,379
0,248,268,336,355,358
59,207,214,365,455,481
154,250,306,428,429,455
94,152,299,344,369,457
24,34,126,287,447,459
51,129,147,149,263,443
98,187,290,369,374,381
62,186,336,354,474,497
41,42,56,257,268,399
324,352,370,390,396,414
76,107,154,415,491,497
27,74,80,214,236,335
70,127,214,348,364,445
52,84,227,275,446,486
43,214,233,274,326,407
168,191,260,374,449,469
4,9,124,167,258,453
58,144,172,216,255,278
72,194,219,274,300,434
39,41,248,323,429,456
120,130,214,296,421,472
144,181,189,238,244,247
46,160,219,280,403,428
34,54,88,132,358,362
88,228,317,369,395,459
35,135,206,217,319,465
50,65,130,267,357,496
51,104,219,335,344,410
19,167,245,353,452,458
22,200,306,411,488,499
95,175,206,270,312,378
100,165,218,252,298,322
23,272,394,400,444,490
1,43,276,286,406,448
48,136,227,234,292,366
137,219,242,251,421,444
110,134,180,201,361,430
163,165,180,391,409,441
27,95,153,179,183,454
68,240,254,452,456,490
4,69,75,104,210,341
60,73,146,157,205,440
186,263,350,447,450,467
7,110,172,239,410,481
33,83,132,147,265,480
38,44,54,332,347,377
15,58,109,197,219,496
12,237,266,464,489,497
168,177,199,250,456,474
168,189,310,353,396,406
198,278,314,340,384,466
7,35,101,418,424,452
50,136,212,289,376,408
138,185,226,296,351,363
145,190,235,279,356,420
16,123,349,417,434,470
172,280,285,371,439,440
174,285,296,324,334,432
9,76,128,233,418,460
202,212,292,348,395,406
13,108,184,240,428,463
79,103,165,237,288,468
78,227,267,307,309,464
57,73,122,296,353,495
56,58,152,230,244,327
11,14,60,87,313,404
154,186,288,346,416,499
89,210,245,289,357,429
35,105,325,333,361,397
73,92,193,336,372,473
7,92,119,205,464,476
4,69,79,109,375,485
32,120,191,202,355,381
20,44,84,108,170,224
165,245,383,410,412,466
8,34,151,396,436,499
33,76,164,229,249,325
7,69,73,175,212,278
9,79,89,228,312,430
2,239,264,328,356,432
82,114,229,296,356,358
248,270,314,354,468,490
68,119,196,299,366,468
57,78,126,241,286,372
31,160,168,234,428,470
128,145,151,269,375,490
124,251,288,293,397,399
15,29,155,249,282,322
70,158,202,206,294,367
117,134,218,224,426,444
54,74,332,387,391,412
46,189,272,312,476,486
42,365,400,443,444,489
219,224,286,411,426,482
49,98,150,222,370,444
26,76,121,174,206,421
84,110,133,179,249,289
74,125,144,190,213,412
3,27,90,311,387,499
9,103,226,229,307,311
27,67,124,203,227,247
120,221,247,289,364,412
32,100,148,178,218,363
21,32,231,332,423,426
28,139,176,251,319,356
122,197,262,268,444,480
34,141,336,358,415,432
58,100,202,283,358,498
254,257,317,380,392,454
253,283,330,382,428,434
7,49,114,146,235,486
113,280,286,415,454,493
113,245,246,364,378,478
144,195,203,225,283,284
115,172,176,230,305,453
21,30,68,295,305,471
6,8,22,73,104,230
21,87,235,299,333,468
2,7,100,185,254,409
72,78,89,171,187,252
100,194,219,245,373,449
62,136,318,370,434,492
108,197,228,271,367,389
35,95,100,296,380,458
1,34,236,246,356,374
26,275,290,313,342,498
2,141,225,283,341,453
33,157,212,227,266,321
19,260,298,368,429,462
153,365,400,410,426,429
9,37,85,143,166,440
43,46,63,70,381,445
151,276,320,407,442,456
7,11,131,186,200,253
105,113,257,295,352,404
68,144,181,253,270,275
18,84,208,287,433,453
16,68,197,253,360,433
142,147,245,277,460,477
38,40,220,256,257,348
50,120,213,215,292,433
55,292,390,418,492,497
42,104,131,221,328,359
2,221,292,412,414,431
31,60,96,142,271,481
35,383,408,419,430,453
64,70,76,122,227,231
105,309,388,398,426,460
14,193,287,368,377,455
247,255,280,303,407,464
21,209,259,399,453,455
97,240,249,256,281,462
110,189,195,331,457,478
15,255,318,364,412,414
92,193,281,296,324,441
20,32,150,330,359,427
24,49,167,457,486,494
140,174,241,287,318,368
104,157,227,321,408,413
10,51,278,288,312,342
16,28,82,163,247,366
55,168,211,257,377,436
88,205,218,261,263,332
93,144,153,180,256,329
225,357,392,395,407,411
40,231,346,347,405,443
85,102,154,178,225,430
24,93,193,244,310,414
126,148,195,247,258,387
27,177,188,323,421,442
6,39,209,230,273,384
16,50,58,85,257,409
218,317,360,368,391,476
131,172,175,186,309,432
126,167,176,193,347,457
44,156,190,203,366,396
42,151,213,440,460,481
71,144,255,298,329,330
62,67,371,448,466,480
14,123,182,304,394,466
12,18,258,265,387,468
110,143,184,440,490,493
35,171,343,352,418,423
84,222,242,276,301,449
0,78,131,263,266,417
73,114,134,278,467,481
12,14,17,239,342,349
249,258,286,329,373,473
8,122,123,221,291,305
84,175,284,301,448,467
1,101,257,258,268,370
112,250,314,381,457,458
17,175,261,277,318,456
93,143,171,182,224,278
82,157,210,246,317,348
99,255,259,384,483,493
126,193,329,373,438,496
53,212,237,243,286,352
163,314,403,483,494,496
34,37,217,257,471,496
41,55,188,301,436,458
5,88,161,210,282,299
174,175,225,272,293,325
117,146,350,375,448,495
8,189,254,335,399,493
21,41,76,232,252,413
65,143,296,319,410,491
101,165,220,407,447,450
75,129,146,196,217,402
8,31,127,246,287,340
52,102,236,250,258,282
121,277,365,456,476,488
5,116,136,158,386,494
10,90,270,296,352,390
89,112,147,183,227,370
0,8,101,107,211,254
55,109,328,362,437,485
23,78,119,277,447,466
164,209,222,244,303,498
12,111,152,277,279,321
4,182,250,352,446,469
34,43,69,114,169,233
142,157,219,257,263,265
73,226,412,447,465,499
92,157,167,172,224,307
158,241,283,339,407,425
11,112,251,273,365,462
23,71,84,96,103,361
9,13,265,345,355,470
109,142,196,317,338,494
54,190,269,350,437,447
183,294,361,453,455,457
24,113,225,267,321,386
126,133,328,334,356,391
91,125,196,230,345,476
254,275,298,394,411,468
63,120,201,343,344,427
3,126,151,231,274,428
24,75,131,261,311,435
44,159,270,289,302,305
45,101,254,255,319,366
33,163,190,256,303,375
3,73,106,247,345,377
7,72,340,359,446,492
